technical_id,restock_id,restock_number,restock_route,destination_ward,destination_hospital
1,0,,,,
2,1390804,CPC01-0097740.00,Surgery Refill Mornin CP,,
3,1391470,CPC01-0097762.00,Surgery Refill Afterno CP,,
4,1391484,CPC01-0097761.00,Surgery Refill PM NARCS,,
5,1391660,CPC01-0097768.00,,,
6,1391661,CPC01-0097768.00,Oncology Afternoon,,
7,1392056,CPC01-0097785.00,,,
8,1392154,208744,Dispense from INV,OPO,SV
9,1392155,208744,Dispense from INV,OPO,SV
10,1392156,208743,Dispense from INV,5TN,SV
11,1392157,208743,Dispense from INV,5TN,SV
12,1392158,208745,Dispense from INV,OPO,SV
13,1392159,208745,Dispense from INV,OPO,SV
14,1392160,208746,Dispense from INV,7S,SV
15,1392161,208746,Dispense from INV,7S,SV
16,1392162,208747,Dispense from INV,7S,SV
17,1392163,208747,Dispense from INV,7S,SV
18,1392164,208748,Dispense from INV,7S,SV
19,1392165,208748,Dispense from INV,7S,SV
20,1392166,208750,Dispense from INV,2NE,SV
21,1392167,208750,Dispense from INV,2NE,SV
22,1392168,208751,Dispense from INV,2NE,SV
23,1392169,208751,Dispense from INV,2NE,SV
24,1392170,208749,Dispense from INV,7S,SV
25,1392171,208749,Dispense from INV,7S,SV
26,1392172,CP1MN-0000037527,Dispense from SV1CP_MAIN,_RX,SV
27,1392173,VLT01-0000078547,Dispense from SVNARCOTIC,CICU3,SV
28,1392174,VLT01-0000078548,Dispense from SVNARCOTIC,5TN,SV
29,1392175,208753,Dispense from INV,4W SPINE,SV
30,1392176,208753,Dispense from INV,4W SPINE,SV
31,1392177,208756,Dispense from INV,7TN,SV
32,1392178,208756,Dispense from INV,7TN,SV
33,1392179,208754,Dispense from INV,6TN,SV
34,1392180,208754,Dispense from INV,6TN,SV
35,1392181,208755,Dispense from INV,6TN,SV
36,1392182,208755,Dispense from INV,6TN,SV
37,1392183,VLT01-0000078549,Dispense from SVNARCOTIC,5TN,SV
38,1392184,208757,Dispense from INV,7S,SV
39,1392185,208757,Dispense from INV,7S,SV
40,1392186,208752,Dispense from INV,2NE,SV
41,1392187,208752,Dispense from INV,2NE,SV
42,1392188,CP1MN-0000037528,Dispense from SV1CP_MAIN,_RX,SV
43,1392189,208759,Dispense from INV,7TN,SV
44,1392190,208759,Dispense from INV,7TN,SV
45,1392191,208758,Dispense from INV,7S,SV
46,1392192,208758,Dispense from INV,7S,SV
47,1392193,CPC01-0097786.00,Narc Fill -NIGHT,,
48,1392194,CPC01-0097786.00,Narc Fill -NIGHT,6TN,SV
49,1392195,CPC01-0097786.00,Narc Fill -NIGHT,6TN,SV
50,1392196,CPC01-0097786.00,Narc Fill -NIGHT,4W SPINE,SV
51,1392197,CPC01-0097786.00,Narc Fill -NIGHT,5TN,SV
52,1392198,CPC01-0097786.00,Narc Fill -NIGHT,4W SPINE,SV
53,1392199,208760,Dispense from INV,7S,SV
54,1392200,208760,Dispense from INV,7S,SV
55,1392201,CPC01-0097786.00,Narc Fill -NIGHT,EMD,SV
56,1392202,CPC01-0097788.00,Fill - IV Fluids  C/L,2NE,SV
57,1392203,CPC01-0097788.00,Fill - IV Fluids  C/L,2NE,SV
58,1392204,CPC01-0097786.00,Narc Fill -NIGHT,CICU3,SV
59,1392205,CPC01-0097788.00,Fill - IV Fluids  C/L,3P1,SV
60,1392206,CPC01-0097788.00,Fill - IV Fluids  C/L,3P1,SV
61,1392207,CPC01-0097788.00,Fill - IV Fluids  C/L,7S,SV
62,1392208,CPC01-0097788.00,Fill - IV Fluids  C/L,7S,SV
63,1392209,CPC01-0097788.00,Fill - IV Fluids  C/L,NICU,SV
64,1392210,CPC01-0097788.00,Fill - IV Fluids  C/L,NICU,SV
65,1392211,CPC01-0097788.00,Fill - IV Fluids  C/L,5W,SV
66,1392212,CPC01-0097788.00,Fill - IV Fluids  C/L,5W,SV
67,1392213,208761,Dispense from INV,5E,SV
68,1392214,208761,Dispense from INV,5E,SV
69,1392215,208762,Dispense from INV,6W,SV
70,1392216,208762,Dispense from INV,6W,SV
71,1392217,208763,Dispense from INV,6TN,SV
72,1392218,208763,Dispense from INV,6TN,SV
73,1392219,208764,Dispense from INV,5TN,SV
74,1392220,208764,Dispense from INV,5TN,SV
75,1392221,208766,Dispense from INV,CICU12,SV
76,1392222,208766,Dispense from INV,CICU12,SV
77,1392223,208767,Dispense from INV,5TN,SV
78,1392224,208767,Dispense from INV,5TN,SV
79,1392225,208768,Dispense from INV,5TN,SV
80,1392226,208768,Dispense from INV,5TN,SV
81,1392227,208769,Dispense from INV,5TN,SV
82,1392228,208769,Dispense from INV,5TN,SV
83,1392229,208765,Dispense from INV,CICU12,SV
84,1392230,208765,Dispense from INV,CICU12,SV
85,1392231,208770,Dispense from INV,5TN,SV
86,1392232,208770,Dispense from INV,5TN,SV
87,1392233,208771,Dispense from INV,5TN,SV
88,1392234,208771,Dispense from INV,5TN,SV
89,1392235,CPC01-0097788.00,,3P1,SV
90,1392236,CPC01-0097788.00,,2NE,SV
91,1392237,CPC01-0097788.00,,NICU,SV
92,1392238,CPC01-0097788.00,,7S,SV
93,1392239,208773,Dispense from INV,6TN,SV
94,1392240,208773,Dispense from INV,6TN,SV
95,1392241,208774,Dispense from INV,6TN,SV
96,1392242,208774,Dispense from INV,6TN,SV
97,1392243,208775,Dispense from INV,6TN,SV
98,1392244,208775,Dispense from INV,6TN,SV
99,1392245,208772,Dispense from INV,7S,SV
100,1392246,208772,Dispense from INV,7S,SV
101,1392247,CP1MN-0000037530,Dispense from SV1CP_MAIN,_RX,SV
102,1392248,208776,Dispense from INV,7TN,SV
103,1392249,208776,Dispense from INV,7TN,SV
104,1392250,208777,Dispense from INV,OPO,SV
105,1392251,208777,Dispense from INV,OPO,SV
106,1392252,208778,Dispense from INV,4P1,SV
107,1392253,208778,Dispense from INV,4P1,SV
108,1392254,CP1MN-0000037531,Dispense from SV1CP_MAIN,_RX,SV
109,1392255,CPC01-0097788.00,Fill - IV Fluids  C/L,,
110,1392256,CPC01-0097786.00,Narc Fill -NIGHT,,
111,1392257,208780,Dispense from INV,7TN,SV
112,1392258,208780,Dispense from INV,7TN,SV
113,1392259,208779,Dispense from INV,5TN,SV
114,1392260,208779,Dispense from INV,5TN,SV
115,1392261,CP1MN-0000037532,Dispense from SV1CP_MAIN,_RX,SV
116,1392262,CPC01-0097786.00,,,
117,1392263,CPC01-0097788.00,,,
118,1392264,208783,Dispense from INV,7S,SV
119,1392265,208783,Dispense from INV,7S,SV
120,1392266,208785,Dispense from INV,7S,SV
121,1392267,208785,Dispense from INV,7S,SV
122,1392268,208781,Dispense from INV,CICU12,SV
123,1392269,208781,Dispense from INV,CICU12,SV
124,1392270,208784,Dispense from INV,7TN,SV
125,1392271,208784,Dispense from INV,7TN,SV
126,1392272,CP1MN-0000037533,Dispense from SV1CP_MAIN,_RX,SV
127,1392273,CP1MN-0000037534,Dispense from SV1CP_MAIN,_RX,SV
128,1392274,CF24012,Dispense from INV,1TN,SV
129,1392275,CF24012,Dispense from INV,1TN,SV
130,1392276,CF24013,Dispense from INV,7TN,SV
131,1392277,CF24013,Dispense from INV,,
132,1392278,CF24013,Dispense from INV,6TN,SV
133,1392279,CF24013,Dispense from INV,6TN,SV
134,1392280,CF24013,Dispense from INV,7TN,SV
135,1392281,CF24013,Dispense from INV,CICU3,SV
136,1392282,CF24013,Dispense from INV,CICU3,SV
137,1392283,CF24013,Dispense from INV,7S,SV
138,1392284,CF24013,Dispense from INV,7S,SV
139,1392285,CF24013,Dispense from INV,4W SPINE,SV
140,1392286,CF24013,Dispense from INV,4W SPINE,SV
141,1392287,CF24013,Dispense from INV,2NE,SV
142,1392288,CF24013,Dispense from INV,5TN,SV
143,1392289,208786,Dispense from INV,VN,SV
144,1392290,208786,Dispense from INV,VN,SV
145,1392291,208787,Dispense from INV,VN,SV
146,1392292,208787,Dispense from INV,VN,SV
147,1392293,CP1MN-0000037535,Dispense from SV1CP_MAIN,_RX,SV
148,1392294,CP1MN-0000037536,Dispense from SV1CP_MAIN,_RX,SV
149,1392295,208789,Dispense from INV,6TN,SV
150,1392296,208789,Dispense from INV,6TN,SV
151,1392297,208794,Dispense from INV,EMD,SV
152,1392298,208794,Dispense from INV,EMD,SV
153,1392299,208792,Dispense from INV,EMD,SV
154,1392300,208792,Dispense from INV,EMD,SV
155,1392301,208793,Dispense from INV,EMD,SV
156,1392302,208793,Dispense from INV,EMD,SV
157,1392303,208798,Dispense from INV,EMD,SV
158,1392304,208798,Dispense from INV,EMD,SV
159,1392305,208788,Dispense from INV,7S,SV
160,1392306,208788,Dispense from INV,7S,SV
161,1392307,208790,Dispense from INV,7S,SV
162,1392308,208790,Dispense from INV,7S,SV
163,1392309,208791,Dispense from INV,EMD,SV
164,1392310,208791,Dispense from INV,EMD,SV
165,1392311,208795,Dispense from INV,EMD,SV
166,1392312,208795,Dispense from INV,EMD,SV
167,1392313,208796,Dispense from INV,EMD,SV
168,1392314,208796,Dispense from INV,EMD,SV
169,1392315,208797,Dispense from INV,EMD,SV
170,1392316,208797,Dispense from INV,EMD,SV
171,1392317,VLT01-0000078552,Dispense from SVNARCOTIC,4P1,SV
172,1392318,208799,Dispense from INV,4W SPINE,SV
173,1392319,208799,Dispense from INV,4W SPINE,SV
174,1392320,208801,Dispense from INV,7TN,SV
175,1392321,208801,Dispense from INV,7TN,SV
176,1392322,208800,Dispense from INV,CICU12,SV
177,1392323,208800,Dispense from INV,CICU12,SV
178,1392324,208802,Dispense from INV,2NE,SV
179,1392325,208802,Dispense from INV,2NE,SV
180,1392326,208803,Dispense from INV,2NE,SV
181,1392327,208803,Dispense from INV,2NE,SV
182,1392328,208804,Dispense from INV,6TN,SV
183,1392329,208804,Dispense from INV,6TN,SV
184,1392330,208805,Dispense from INV,EMD,SV
185,1392331,208805,Dispense from INV,EMD,SV
186,1392332,208806,Dispense from INV,7S,SV
187,1392333,208806,Dispense from INV,7S,SV
188,1392334,CP1MN-0000037537,Dispense from SV1CP_MAIN,_RX,SV
189,1392335,CP1MN-0000037538,Dispense from SV1CP_MAIN,_RX,SV
190,1392336,CP1MN-0000037539,Dispense from SV1CP_MAIN,_RX,SV
191,1392337,208807,Dispense from INV,CICU3,SV
192,1392338,208807,Dispense from INV,CICU3,SV
193,1392339,CP1MN-0000037540,Dispense from SV1CP_MAIN,_RX,SV
194,1392340,208810,Dispense from INV,CICU12,SV
195,1392341,208810,Dispense from INV,CICU12,SV
196,1392342,208808,Dispense from INV,PER,SV
197,1392343,208808,Dispense from INV,PER,SV
198,1392344,208809,Dispense from INV,PER,SV
199,1392345,208809,Dispense from INV,PER,SV
200,1392346,208811,Dispense from INV,OPO,SV
201,1392347,208811,Dispense from INV,OPO,SV
202,1392348,208812,Dispense from INV,OPO,SV
203,1392349,208812,Dispense from INV,OPO,SV
204,1392350,208813,Dispense from INV,CICU3,SV
205,1392351,208813,Dispense from INV,CICU3,SV
206,1392352,208814,Dispense from INV,VN,SV
207,1392353,208814,Dispense from INV,VN,SV
208,1392354,208815,Dispense from INV,CICU12,SV
209,1392355,208815,Dispense from INV,CICU12,SV
210,1392356,208816,Dispense from INV,CICU12,SV
211,1392357,208816,Dispense from INV,CICU12,SV
212,1392358,208817,Dispense from INV,7S,SV
213,1392359,208817,Dispense from INV,7S,SV
214,1392360,208819,Dispense from INV,1TN,SV
215,1392361,208819,Dispense from INV,1TN,SV
216,1392362,208822,Dispense from INV,7S,SV
217,1392363,208822,Dispense from INV,7S,SV
218,1392364,208820,Dispense from INV,6TN,SV
219,1392365,208820,Dispense from INV,6TN,SV
220,1392366,208821,Dispense from INV,7S,SV
221,1392367,208821,Dispense from INV,7S,SV
222,1392368,CP1MN-0000037541,Dispense from SV1CP_MAIN,_RX,SV
223,1392369,CP1MN-0000037542,Dispense from SV1CP_MAIN,_RX,SV
224,1392370,CP1MN-0000037543,Dispense from SV1CP_MAIN,_RX,SV
225,1392371,VLT01-0000078555,Special (Interface),,
226,1392372,CP1MN-0000037544,Dispense from SV1CP_MAIN,_RX,SV
227,1392373,,,,
228,1392374,CP1MN-0000037545,Dispense from SV1CP_MAIN,_RX,SV
229,1392375,VLT01-0000078557,Dispense from SVNARCOTIC,CICU3,SV
230,1392376,,,,
231,1392377,,,,
232,1392378,,,,
233,1392379,,,,
234,1392380,,,,
235,1392381,,,,
236,1392382,,,,
237,1392383,CP1MN-0000037546,Dispense from SV1CP_MAIN,_RX,SV
238,1392384,,,,
239,1392385,,,,
240,1392386,1340B780977111,Special (Interface),,
241,1392387,,,,
242,1392388,,,,
243,1392389,,,,
244,1392390,,,,
245,1392391,,,,
246,1392392,,,,
247,1392393,,,,
248,1392394,CPC01-0097797.00,Surgery Refill Mornin CP,,
249,1392395,PHA01-0000001620,Dispense from STCP_KIT,2NE,SV
250,1392396,1340B780974177,Special (Interface),,
251,1392397,CPC01-0097782.00,Special (By Item),ANES,SV
252,1392398,CPC01-0097782.00,Special (By Item),ANES,SV
253,1392399,CPC01-0097797.00,Surgery Refill Mornin CP,OR,SV
254,1392400,CPC01-0097797.00,Surgery Refill Mornin CP,OR,SV
255,1392401,CPC01-0097797.00,Surgery Refill Mornin CP,PACU,SV
256,1392402,CPC01-0097797.00,Surgery Refill Mornin CP,PACU,SV
257,1392403,CPC01-0097797.00,Surgery Refill Mornin CP,ANES,SV
258,1392404,CPC01-0097797.00,Surgery Refill Mornin CP,ANES,SV
259,1392405,CPC01-0097797.00,Surgery Refill Mornin CP,OR,SV
260,1392406,CPC01-0097797.00,Surgery Refill Mornin CP,OR,SV
261,1392407,CPC01-0097797.00,Surgery Refill Mornin CP,OR,SV
262,1392408,CPC01-0097797.00,Surgery Refill Mornin CP,OR,SV
263,1392409,CPC01-0097797.00,Surgery Refill Mornin CP,OR,SV
264,1392410,CPC01-0097797.00,Surgery Refill Mornin CP,,
265,1392411,CPC01-0097797.00,Surgery Refill Mornin CP,PREPOST,SV
266,1392412,CPC01-0097797.00,Surgery Refill Mornin CP,PREPOST,SV
267,1392413,CPC01-0097797.00,Surgery Refill Mornin CP,OR,SV
268,1392414,CPC01-0097797.00,Surgery Refill Mornin CP,OR,SV
269,1392415,CPC01-0097797.00,Surgery Refill Mornin CP,OR,SV
270,1392416,CPC01-0097797.00,Surgery Refill Mornin CP,OR,SV
271,1392417,CPC01-0097797.00,Surgery Refill Mornin CP,OR,SV
272,1392418,CPC01-0097797.00,Surgery Refill Mornin CP,OR,SV
273,1392419,CPC01-0097797.00,Surgery Refill Mornin CP,OR,SV
274,1392420,PHA01-0000001621,Dispense from STCP_KIT,KIT,ST
275,1392421,VLT01-0000078561,Special (Interface),,
276,1392422,PHA01-0000001622,Dispense from STCP_KIT,EMD,SV
277,1392423,CPOR-0000013611,Dispense from SVCP_OR,PER,SV
278,1392424,PHA01-0000001623,Dispense from STCP_KIT,2NE,SV
279,1392425,,,,
280,1392426,,,,
281,1392427,,,,
282,1392428,,,,
283,1392429,,,,
284,1392430,,,,
285,1392431,,,,
286,1392432,,,,
287,1392433,,,,
288,1392434,,,,
289,1392435,,,,
290,1392436,,,,
291,1392437,,,,
292,1392438,,,,
293,1392439,,,,
294,1392440,,,,
295,1392441,,,,
296,1392442,,,,
297,1392443,,,,
298,1392444,,,,
299,1392445,,,,
300,1392446,,,,
301,1392447,,,,
302,1392448,,,,
303,1392449,,,,
304,1392450,,,,
305,1392451,,,,
306,1392452,,,,
307,1392453,,,,
308,1392454,,,,
309,1392455,,,,
310,1392456,,,,
311,1392457,,,,
312,1392458,,,,
313,1392459,,,,
314,1392460,,,,
315,1392461,,,,
316,1392462,,,,
317,1392463,,,,
318,1392464,,,,
319,1392465,,,,
320,1392466,,,,
321,1392467,,,,
322,1392468,,,,
323,1392469,,,,
324,1392470,,,,
325,1392471,,,,
326,1392472,,,,
327,1392473,,,,
328,1392474,,,,
329,1392475,,,,
330,1392476,,,,
331,1392477,,,,
332,1392478,208823,Dispense from INV,EMD,SV
333,1392479,208823,Dispense from INV,EMD,SV
334,1392480,208824,Dispense from INV,PER,SV
335,1392481,208824,Dispense from INV,PER,SV
336,1392482,208825,Dispense from INV,NICU,SV
337,1392483,208825,Dispense from INV,NICU,SV
338,1392484,CPC01-0097795.00,1-Fill ST  CP_KIT from CP,KIT,ST
339,1392485,CPC01-0097795.00,1-Fill ST  CP_KIT from CP,KIT,ST
340,1392486,340B780974176,Special (Interface),,
341,1392487,VLT01-0000078563,Dispense from SVNARCOTIC,2NE,SV
342,1392488,VLT01-0000078564,Dispense from SVNARCOTIC,7S,SV
343,1392489,GPO780974711,Special (Interface),,
344,1392490,208829,Dispense from INV,7S,SV
345,1392491,208829,Dispense from INV,7S,SV
346,1392492,WAC780974871,Special (Interface),,
347,1392493,208828,Dispense from INV,5TN,SV
348,1392494,208828,Dispense from INV,5TN,SV
349,1392495,VLT01-0000078566,Special (Interface),,
350,1392496,CPC01-0097798.00,Surgery Refill AM NARCS,,
351,1392497,208830,Dispense from INV,3P1,SV
352,1392498,208830,Dispense from INV,3P1,SV
353,1392499,208832,Dispense from INV,5TN,SV
354,1392500,208832,Dispense from INV,5TN,SV
355,1392501,208833,Dispense from INV,7TN,SV
356,1392502,208833,Dispense from INV,7TN,SV
357,1392503,208831,Dispense from INV,1TN,SV
358,1392504,208831,Dispense from INV,1TN,SV
359,1392505,340B780974175,Special (Interface),,
360,1392506,VLT01-0000078568,Dispense from SVNARCOTIC,EMD,SV
361,1392507,208834,Dispense from INV,7TN,SV
362,1392508,208834,Dispense from INV,7TN,SV
363,1392509,VLT01-0000078569,Dispense from SVNARCOTIC,6TN,SV
364,1392510,VLT01-0000078570,Dispense from SVNARCOTIC,7TN,SV
365,1392511,CPC01-0097799.00,Narc Fill - AM - SOUTH,4W SPINE,SV
366,1392512,CPC01-0097799.00,Narc Fill - AM - SOUTH,JOINT,SV
367,1392513,CPC01-0097799.00,Narc Fill - AM - SOUTH,,
368,1392514,CPC01-0097799.00,Narc Fill - AM - SOUTH,JOINT,SV
369,1392515,CPC01-0097799.00,Narc Fill - AM - SOUTH,4W SPINE,SV
370,1392516,CPC01-0097799.00,Narc Fill - AM - SOUTH,CICU12,SV
371,1392517,CPC01-0097799.00,Narc Fill - AM - SOUTH,CICU3,SV
372,1392518,208835,Dispense from INV,EMD,SV
373,1392519,208835,Dispense from INV,EMD,SV
374,1392520,208836,Dispense from INV,PER,SV
375,1392521,208836,Dispense from INV,PER,SV
376,1392522,CPC01-0097801.00,Narc Fill - AM - North,7TN,SV
377,1392523,208837,Dispense from INV,PER,SV
378,1392524,208837,Dispense from INV,PER,SV
379,1392525,208840,Dispense from INV,BP,SV
380,1392526,208840,Dispense from INV,BP,SV
381,1392527,CPC01-0097801.00,Narc Fill - AM - North,6TN,SV
382,1392528,208841,Dispense from INV,6TN,SV
383,1392529,208841,Dispense from INV,6TN,SV
384,1392530,208838,Dispense from INV,7TN,SV
385,1392531,208838,Dispense from INV,7TN,SV
386,1392532,208839,Dispense from INV,7TN,SV
387,1392533,208839,Dispense from INV,7TN,SV
388,1392534,CPC01-0097801.00,Narc Fill - AM - North,7TN,SV
389,1392535,CP1MN-0000037547,Dispense from SV1CP_MAIN,_RX,SV
390,1392536,208843,Dispense from INV,CICU12,SV
391,1392537,208843,Dispense from INV,CICU12,SV
392,1392538,VLT01-0000078572,Dispense from SVNARCOTIC,6TN,SV
393,1392539,CPC01-0097802.00,Narc Fill - AM - PAV,3P1,SV
394,1392540,CPC01-0097802.00,Narc Fill - AM - PAV,EMD,SV
395,1392541,CPC01-0097802.00,Narc Fill - AM - PAV,4P1,SV
396,1392542,CPC01-0097802.00,Narc Fill - AM - PAV,2NE,SV
397,1392543,208844,Dispense from INV,2NE,SV
398,1392544,208844,Dispense from INV,2NE,SV
399,1392545,208842,Dispense from INV,CICU12,SV
400,1392546,208842,Dispense from INV,CICU12,SV
401,1392547,208845,Dispense from INV,CICU12,SV
402,1392548,208845,Dispense from INV,CICU12,SV
403,1392549,CPC01-0097798.00,Surgery Refill AM NARCS,,
404,1392550,CPC01-0097797.00,,,
405,1392551,WAC780974872,Special (Interface),,
406,1392552,208846,Dispense from INV,7TN,SV
407,1392553,208846,Dispense from INV,7TN,SV
408,1392554,208847,Dispense from INV,7TN,SV
409,1392555,208847,Dispense from INV,7TN,SV
410,1392556,208848,Dispense from INV,6TN,SV
411,1392557,208848,Dispense from INV,6TN,SV
412,1392558,208851,Dispense from INV,CICU12,SV
413,1392559,208851,Dispense from INV,CICU12,SV
414,1392560,CP1MN-0000037550,Dispense from SV1CP_MAIN,_RX,SV
415,1392561,208849,Dispense from INV,2NE,SV
416,1392562,208849,Dispense from INV,2NE,SV
417,1392563,208850,Dispense from INV,2NE,SV
418,1392564,208850,Dispense from INV,2NE,SV
419,1392565,208852,Dispense from INV,7TN,SV
420,1392566,208852,Dispense from INV,7TN,SV
421,1392567,CPC01-0097803.00,Special (By Item),OR,SV
422,1392568,CPC01-0097803.00,Special (By Item),OR,SV
423,1392569,208853,Dispense from INV,2NE,SV
424,1392570,208853,Dispense from INV,2NE,SV
425,1392571,208854,Dispense from INV,2NE,SV
426,1392572,208854,Dispense from INV,2NE,SV
427,1392573,208855,Dispense from INV,CICU3,SV
428,1392574,208855,Dispense from INV,CICU3,SV
429,1392575,208856,Dispense from INV,1TN,SV
430,1392576,208856,Dispense from INV,1TN,SV
431,1392577,208858,Dispense from INV,CICU12,SV
432,1392578,208858,Dispense from INV,CICU12,SV
433,1392579,208859,Dispense from INV,CICU12,SV
434,1392580,208859,Dispense from INV,CICU12,SV
435,1392581,208860,Dispense from INV,CICU12,SV
436,1392582,208860,Dispense from INV,CICU12,SV
437,1392583,208861,Dispense from INV,CICU3,SV
438,1392584,208861,Dispense from INV,CICU3,SV
439,1392585,208862,Dispense from INV,7TN,SV
440,1392586,208862,Dispense from INV,7TN,SV
441,1392587,208857,Dispense from INV,CICU12,SV
442,1392588,208857,Dispense from INV,CICU12,SV
443,1392589,208863,Dispense from INV,PER,SV
444,1392590,208863,Dispense from INV,PER,SV
445,1392591,CPC01-0097802.00,Narc Fill - AM - PAV,,
446,1392592,208864,Dispense from INV,6TN,SV
447,1392593,208864,Dispense from INV,6TN,SV
448,1392594,208865,Dispense from INV,2NE,SV
449,1392595,208865,Dispense from INV,2NE,SV
450,1392596,208866,Dispense from INV,PER,SV
451,1392597,208866,Dispense from INV,PER,SV
452,1392598,VLT01-0000078573,Dispense from SVNARCOTIC,CICU12,SV
453,1392599,CP1MN-0000037552,Dispense from SV1CP_MAIN,_RX,SV
454,1392600,PHA01-0000001624,Dispense from STCP_KIT,PREPOST,SV
455,1392601,208868,Dispense from INV,IFC,SV
456,1392602,208868,Dispense from INV,IFC,SV
457,1392603,CPC01-0097806.00,Surg Refill Main RX MEDS,PREPOST,SV
458,1392604,CPC01-0097806.00,Surg Refill Main RX MEDS,PREPOST,SV
459,1392605,CPC01-0097806.00,Surg Refill Main RX MEDS,ANES,SV
460,1392606,CPC01-0097806.00,Surg Refill Main RX MEDS,ANES,SV
461,1392607,VLT01-0000078574,Dispense from SVNARCOTIC,CICU3,SV
462,1392608,CPC01-0097804.00,1-Fill CP_OR from CPMAIN,OR_RX,SV
463,1392609,CPC01-0097804.00,1-Fill CP_OR from CPMAIN,OR_RX,SV
464,1392610,208870,Dispense from INV,BP,SV
465,1392611,208870,Dispense from INV,BP,SV
466,1392612,CF24014,Dispense from INV,2NE,SV
467,1392613,CF24014,Dispense from INV,2NE,SV
468,1392614,CF24014,Dispense from INV,6TN,SV
469,1392615,CF24014,Dispense from INV,6TN,SV
470,1392616,CF24014,Dispense from INV,7TN,SV
471,1392617,CF24014,Dispense from INV,7TN,SV
472,1392618,CF24014,Dispense from INV,CICU12,SV
473,1392619,CF24014,Dispense from INV,CICU12,SV
474,1392620,CF24014,Dispense from INV,7S,SV
475,1392621,CF24014,Dispense from INV,,
476,1392622,208871,Dispense from INV,PER,SV
477,1392623,208871,Dispense from INV,PER,SV
478,1392624,CF24014,Dispense from INV,5TN,SV
479,1392625,CF24014,Dispense from INV,5TN,SV
480,1392626,208872,Dispense from INV,6TN,SV
481,1392627,208872,Dispense from INV,6TN,SV
482,1392628,CF24014,Dispense from INV,4W SPINE,SV
483,1392629,CF24014,Dispense from INV,3P1,SV
484,1392630,208873,Dispense from INV,6TN,SV
485,1392631,208873,Dispense from INV,6TN,SV
486,1392632,208874,Dispense from INV,STOP,SV
487,1392633,208874,Dispense from INV,STOP,SV
488,1392634,208875,Dispense from INV,2NE,SV
489,1392635,208875,Dispense from INV,2NE,SV
490,1392636,CP1MN-0000037553,Special (Interface),,
491,1392637,208876,Dispense from INV,PER,SV
492,1392638,208876,Dispense from INV,PER,SV
493,1392639,CP1MN-0000037554,Dispense from SV1CP_MAIN,_RX,SV
494,1392640,CP1MN-0000037555,Dispense from SV1CP_MAIN,_RX,SV
495,1392641,208877,Dispense from INV,CICU3,SV
496,1392642,208877,Dispense from INV,CICU3,SV
497,1392643,VLT01-0000078575,Dispense from SVNARCOTIC,RADIOLOG,SV
498,1392644,208878,Dispense from INV,7TN,SV
499,1392645,208878,Dispense from INV,7TN,SV
500,1392646,CPC01-0097801.00,Narc Fill - AM - North,,
501,1392647,208883,Dispense from INV,STOP,SV
502,1392648,208883,Dispense from INV,STOP,SV
503,1392649,208884,Dispense from INV,CICU3,SV
504,1392650,208884,Dispense from INV,CICU3,SV
505,1392651,208879,Dispense from INV,6TN,SV
506,1392652,208879,Dispense from INV,6TN,SV
507,1392653,208880,Dispense from INV,6TN,SV
508,1392654,208880,Dispense from INV,6TN,SV
509,1392655,208881,Dispense from INV,7TN,SV
510,1392656,208881,Dispense from INV,7TN,SV
511,1392657,208882,Dispense from INV,7TN,SV
512,1392658,208882,Dispense from INV,7TN,SV
513,1392659,208885,Dispense from INV,7S,SV
514,1392660,208885,Dispense from INV,7S,SV
515,1392661,PHA01-0000001625,Dispense from STCP_KIT,CICU12,SV
516,1392662,CPC01-0097808.00,Fill - DAY North Tower,BP,SV
517,1392663,CPC01-0097808.00,Fill - DAY North Tower,BP,SV
518,1392664,CPC01-0097808.00,Fill - DAY North Tower,6TN,SV
519,1392665,CPC01-0097808.00,Fill - DAY North Tower,6TN,SV
520,1392666,CPC01-0097808.00,Fill - DAY North Tower,5TN,SV
521,1392667,CPC01-0097808.00,Fill - DAY North Tower,5TN,SV
522,1392668,CPC01-0097799.00,Narc Fill - AM - SOUTH,,
523,1392669,CPC01-0097808.00,Fill - DAY North Tower,7TN,SV
524,1392670,CPC01-0097808.00,Fill - DAY North Tower,7TN,SV
525,1392671,CPC01-0097808.00,Fill - DAY North Tower,5TN,SV
526,1392672,CPC01-0097808.00,Fill - DAY North Tower,5TN,SV
527,1392673,CPC01-0097804.00,1-Fill CP_OR from CPMAIN,,
528,1392674,CPC01-0097808.00,Fill - DAY North Tower,6TN,SV
529,1392675,CPC01-0097808.00,Fill - DAY North Tower,6TN,SV
530,1392676,CP1MN-0000037556,Special (Interface),,
531,1392677,CPC01-0097808.00,Fill - DAY North Tower,7TN,SV
532,1392678,CPC01-0097808.00,Fill - DAY North Tower,,
533,1392679,CPC01-0097808.00,Fill - DAY North Tower,7TN,SV
534,1392680,CPC01-0097799.00,,,
535,1392681,208894,Dispense from INV,1TN,SV
536,1392682,208894,Dispense from INV,1TN,SV
537,1392683,208887,Dispense from INV,7S,SV
538,1392684,208887,Dispense from INV,7S,SV
539,1392685,208889,Dispense from INV,EMD,SV
540,1392686,208889,Dispense from INV,EMD,SV
541,1392687,208886,Dispense from INV,7S,SV
542,1392688,208886,Dispense from INV,7S,SV
543,1392689,208890,Dispense from INV,EMD,SV
544,1392690,208890,Dispense from INV,EMD,SV
545,1392691,208888,Dispense from INV,CICU12,SV
546,1392692,208888,Dispense from INV,CICU12,SV
547,1392693,208892,Dispense from INV,EMD,SV
548,1392694,208892,Dispense from INV,EMD,SV
549,1392695,208891,Dispense from INV,EMD,SV
550,1392696,208891,Dispense from INV,EMD,SV
551,1392697,208893,Dispense from INV,EMD,SV
552,1392698,208893,Dispense from INV,EMD,SV
553,1392699,208895,Dispense from INV,4P1,SV
554,1392700,208895,Dispense from INV,4P1,SV
555,1392701,208896,Dispense from INV,EMD,SV
556,1392702,208896,Dispense from INV,EMD,SV
557,1392703,208898,Dispense from INV,EMD,SV
558,1392704,208898,Dispense from INV,EMD,SV
559,1392705,208899,Dispense from INV,PER,SV
560,1392706,208899,Dispense from INV,PER,SV
561,1392707,208901,Dispense from INV,2NE,SV
562,1392708,208901,Dispense from INV,2NE,SV
563,1392709,208902,Dispense from INV,2NE,SV
564,1392710,208902,Dispense from INV,2NE,SV
565,1392711,208903,Dispense from INV,2NE,SV
566,1392712,208903,Dispense from INV,2NE,SV
567,1392713,208904,Dispense from INV,7TN,SV
568,1392714,208904,Dispense from INV,7TN,SV
569,1392715,208906,Dispense from INV,7TN,SV
570,1392716,208906,Dispense from INV,7TN,SV
571,1392717,CPC01-0097809.00,Fill - DAY Pavillion,EMD,SV
572,1392718,CPC01-0097809.00,Fill - DAY Pavillion,EMD,SV
573,1392719,VLT01-0000078577,Dispense from SVNARCOTIC,PHARM,SV
574,1392720,CPC01-0097809.00,Fill - DAY Pavillion,4P1,SV
575,1392721,CPC01-0097809.00,Fill - DAY Pavillion,4P1,SV
576,1392722,208897,Dispense from INV,PER,SV
577,1392723,208897,Dispense from INV,PER,SV
578,1392724,CPC01-0097809.00,Fill - DAY Pavillion,RX,SV
579,1392725,CPC01-0097809.00,Fill - DAY Pavillion,RX,SV
580,1392726,208900,Dispense from INV,PER,SV
581,1392727,208900,Dispense from INV,PER,SV
582,1392728,208905,Dispense from INV,7TN,SV
583,1392729,208905,Dispense from INV,7TN,SV
584,1392730,208907,Dispense from INV,7TN,SV
585,1392731,208907,Dispense from INV,7TN,SV
586,1392732,VLT01-0000078579,Special (Interface),,
587,1392733,CPC01-0097809.00,Fill - DAY Pavillion,OPO,SV
588,1392734,CPC01-0097809.00,Fill - DAY Pavillion,OPO,SV
589,1392735,CPC01-0097809.00,Fill - DAY Pavillion,EMD,SV
590,1392736,CPC01-0097809.00,Fill - DAY Pavillion,EMD,SV
591,1392737,VLT01-0000078581,Dispense from SVNARCOTIC,5E,SV
592,1392738,CPC01-0097806.00,Surg Refill Main RX MEDS,,
593,1392739,CP1MN-0000037557,Dispense from SV1CP_MAIN,_RX,SV
594,1392740,CPC01-0097809.00,Fill - DAY Pavillion,EMD,SV
595,1392741,CPC01-0097809.00,Fill - DAY Pavillion,,
596,1392742,CPC01-0097809.00,Fill - DAY Pavillion,4P1,SV
597,1392743,CPC01-0097809.00,Fill - DAY Pavillion,4P1,SV
598,1392744,CPC01-0097809.00,Fill - DAY Pavillion,2NE,SV
599,1392745,CPC01-0097809.00,Fill - DAY Pavillion,2NE,SV
600,1392746,CPC01-0097809.00,Fill - DAY Pavillion,3P1,SV
601,1392747,CPC01-0097809.00,Fill - DAY Pavillion,3P1,SV
602,1392748,CPC01-0097809.00,Fill - DAY Pavillion,3P1,SV
603,1392749,CPC01-0097809.00,Fill - DAY Pavillion,EMD,SV
604,1392750,CPC01-0097808.00,Fill - DAY North Tower,BP,SV
605,1392751,208908,Dispense from INV,IFC,SV
606,1392752,208908,Dispense from INV,IFC,SV
607,1392753,208910,Dispense from INV,1TN,SV
608,1392754,208910,Dispense from INV,1TN,SV
609,1392755,208911,Dispense from INV,IFC,SV
610,1392756,208911,Dispense from INV,IFC,SV
611,1392757,208909,Dispense from INV,1TN,SV
612,1392758,208909,Dispense from INV,1TN,SV
613,1392759,CPC01-0097809.00,Fill - DAY Pavillion,2NE,SV
614,1392760,CPC01-0097809.00,Fill - DAY Pavillion,2NE,SV
615,1392761,208912,Dispense from INV,7TN,SV
616,1392762,208912,Dispense from INV,7TN,SV
617,1392763,CPC01-0097810.00,Fill - DAY South Tower,CICU3,SV
618,1392764,CPC01-0097810.00,Fill - DAY South Tower,CICU3,SV
619,1392765,CPC01-0097810.00,Fill - DAY South Tower,CICU12,SV
620,1392766,CPC01-0097810.00,Fill - DAY South Tower,CICU12,SV
621,1392767,CPC01-0097810.00,Fill - DAY South Tower,CICU12,SV
622,1392768,CPC01-0097810.00,Fill - DAY South Tower,CICU12,SV
623,1392769,CPC01-0097809.00,Fill - DAY Pavillion,3P1,SV
624,1392770,CPC01-0097810.00,Fill - DAY South Tower,NICU,SV
625,1392771,CPC01-0097810.00,Fill - DAY South Tower,NICU,SV
626,1392772,CPC01-0097810.00,Fill - DAY South Tower,4W SPINE,SV
627,1392773,CPC01-0097810.00,Fill - DAY South Tower,4W SPINE,SV
628,1392774,CPC01-0097810.00,Fill - DAY South Tower,6W,SV
629,1392775,CPC01-0097810.00,Fill - DAY South Tower,6W,SV
630,1392776,CPC01-0097810.00,Fill - DAY South Tower,4W SPINE,SV
631,1392777,CPC01-0097810.00,Fill - DAY South Tower,4W SPINE,SV
632,1392778,VLT01-0000078582,Dispense from SVNARCOTIC,2NE,SV
633,1392779,CPC01-0097808.00,,BP,SV
634,1392780,CPC01-0097809.00,Fill - DAY Pavillion,EMD,SV
635,1392781,CPC01-0097810.00,Fill - DAY South Tower,7S,SV
636,1392782,CPC01-0097810.00,Fill - DAY South Tower,7S,SV
637,1392783,CPC01-0097810.00,Fill - DAY South Tower,7S,SV
638,1392784,CPC01-0097810.00,Fill - DAY South Tower,4W SPINE,SV
639,1392785,CPC01-0097810.00,Fill - DAY South Tower,,
640,1392786,CPC01-0097808.00,,5TN,SV
641,1392787,CPC01-0097808.00,,5TN,SV
642,1392788,CPC01-0097808.00,,6TN,SV
643,1392789,208645,Dispense from INV,EMD,SV
644,1392790,208645,Dispense from INV,EMD,SV
645,1392791,CPC01-0097808.00,,6TN,SV
646,1392792,CPC01-0097808.00,,7TN,SV
647,1392793,CP1MN-0000037558,Dispense from SV1CP_MAIN,_RX,SV
648,1392794,CP1MN-0000037559,Dispense from SV1CP_MAIN,_RX,SV
649,1392795,CPC01-0097808.00,,7TN,SV
650,1392796,208913,Dispense from INV,BP,SV
651,1392797,208913,Dispense from INV,BP,SV
652,1392798,208914,Dispense from INV,EMD,SV
653,1392799,208914,Dispense from INV,EMD,SV
654,1392800,208915,Dispense from INV,7TN,SV
655,1392801,208915,Dispense from INV,7TN,SV
656,1392802,208916,Dispense from INV,CICU12,SV
657,1392803,208916,Dispense from INV,CICU12,SV
658,1392804,208917,Dispense from INV,4P1,SV
659,1392805,208917,Dispense from INV,4P1,SV
660,1392806,208918,Dispense from INV,4P1,SV
661,1392807,208918,Dispense from INV,4P1,SV
662,1392808,CPC01-0097810.00,Fill - DAY South Tower,4W SPINE,SV
663,1392809,CPC01-0097810.00,Fill - DAY South Tower,IFC,SV
664,1392810,CPC01-0097810.00,Fill - DAY South Tower,IFC,SV
665,1392811,CPC01-0097809.00,,EMD,SV
666,1392812,CPC01-0097809.00,,EMD,SV
667,1392813,CPC01-0097810.00,Fill - DAY South Tower,5W,SV
668,1392814,CPC01-0097810.00,Fill - DAY South Tower,5W,SV
669,1392815,CPC01-0097809.00,,EMD,SV
670,1392816,CPC01-0097809.00,,EMD,SV
671,1392817,CPC01-0097810.00,Fill - DAY South Tower,7S,SV
672,1392818,CPC01-0097809.00,,OPO,SV
673,1392819,CP1MN-0000037560,Dispense from SV1CP_MAIN,_RX,SV
674,1392820,CP1MN-0000037561,Dispense from SV1CP_MAIN,_RX,SV
675,1392821,CPC01-0097809.00,,RX,SV
676,1392822,208919,Dispense from INV,7TN,SV
677,1392823,208919,Dispense from INV,7TN,SV
678,1392824,CPC01-0097809.00,,2NE,SV
679,1392825,CPC01-0097809.00,,2NE,SV
680,1392826,CPC01-0097810.00,Fill - DAY South Tower,JOINT,SV
681,1392827,CPC01-0097810.00,Fill - DAY South Tower,JOINT,SV
682,1392828,CPC01-0097809.00,,3P1,SV
683,1392829,CPC01-0097810.00,Fill - DAY South Tower,BP,SV
684,1392830,CPC01-0097810.00,Fill - DAY South Tower,BP,SV
685,1392831,CPC01-0097809.00,,3P1,SV
686,1392832,CPC01-0097809.00,,4P1,SV
687,1392833,CPC01-0097809.00,,4P1,SV
688,1392834,208922,Dispense from INV,STOP,SV
689,1392835,208922,Dispense from INV,STOP,SV
690,1392836,208924,Dispense from INV,OPO,SV
691,1392837,208924,Dispense from INV,OPO,SV
692,1392838,208923,Dispense from INV,7TN,SV
693,1392839,208923,Dispense from INV,7TN,SV
694,1392840,208926,Dispense from INV,PER,SV
695,1392841,208926,Dispense from INV,PER,SV
696,1392842,CPC01-0097810.00,Fill - DAY South Tower,4W SPINE,SV
697,1392843,208928,Dispense from INV,PER,SV
698,1392844,208928,Dispense from INV,PER,SV
699,1392845,CPC01-0097810.00,Fill - DAY South Tower,JOINT,SV
700,1392846,CPC01-0097810.00,Fill - DAY South Tower,JOINT,SV
701,1392847,CPC01-0097810.00,Fill - DAY South Tower,PICU,SV
702,1392848,CPC01-0097810.00,Fill - DAY South Tower,PICU,SV
703,1392849,CPC01-0097810.00,Fill - DAY South Tower,4W SPINE,SV
704,1392850,208929,Dispense from INV,PER,SV
705,1392851,208929,Dispense from INV,PER,SV
706,1392852,208930,Dispense from INV,PER,SV
707,1392853,208930,Dispense from INV,PER,SV
708,1392854,CPC01-0097808.00,Fill - DAY North Tower,,
709,1392855,208931,Dispense from INV,PER,SV
710,1392856,208931,Dispense from INV,PER,SV
711,1392857,CPC01-0097810.00,,NICU,SV
712,1392858,CPC01-0097810.00,,4W SPINE,SV
713,1392859,CPC01-0097808.00,,,
714,1392860,208927,Dispense from INV,OPO,SV
715,1392861,208927,Dispense from INV,OPO,SV
716,1392862,208920,Dispense from INV,1TN,SV
717,1392863,208920,Dispense from INV,1TN,SV
718,1392864,208932,Dispense from INV,7TN,SV
719,1392865,208932,Dispense from INV,7TN,SV
720,1392866,208921,Dispense from INV,7TN,SV
721,1392867,208921,Dispense from INV,7TN,SV
722,1392868,CP1MN-0000037562,Special (Interface),,
723,1392869,CPC01-0097810.00,,4W SPINE,SV
724,1392870,208925,Dispense from INV,PER,SV
725,1392871,208925,Dispense from INV,PER,SV
726,1392872,CPC01-0097810.00,,4W SPINE,SV
727,1392873,208933,Dispense from INV,7S,SV
728,1392874,208933,Dispense from INV,7S,SV
729,1392875,208935,Dispense from INV,5E,SV
730,1392876,208935,Dispense from INV,5E,SV
731,1392877,208934,Dispense from INV,4P1,SV
732,1392878,208934,Dispense from INV,4P1,SV
733,1392879,CPC01-0097810.00,,4W SPINE,SV
734,1392880,CPC01-0097810.00,,JOINT,SV
735,1392881,208936,Dispense from INV,2NE,SV
736,1392882,208936,Dispense from INV,2NE,SV
737,1392883,CPC01-0097810.00,,JOINT,SV
738,1392884,CPC01-0097810.00,,BP,SV
739,1392885,208937,Dispense from INV,2NE,SV
740,1392886,208937,Dispense from INV,2NE,SV
741,1392887,208938,Dispense from INV,ONCOLOGY,SV
742,1392888,208938,Dispense from INV,ONCOLOGY,SV
743,1392889,CPC01-0097810.00,,5W,SV
744,1392890,,,,
745,1392891,CPC01-0097810.00,,CICU12,SV
746,1392892,CPC01-0097810.00,,CICU12,SV
747,1392893,CPC01-0097810.00,,CICU3,SV
748,1392894,CPC01-0097810.00,,6W,SV
749,1392895,CPC01-0097810.00,,7S,SV
750,1392896,208939,Dispense from INV,IFC,SV
751,1392897,208939,Dispense from INV,IFC,SV
752,1392898,CPC01-0097810.00,,7S,SV
753,1392899,208940,Dispense from INV,1TN,SV
754,1392900,208940,Dispense from INV,1TN,SV
755,1392901,208941,Dispense from INV,NICU,SV
756,1392902,208941,Dispense from INV,NICU,SV
757,1392903,208942,Dispense from INV,PER,SV
758,1392904,208942,Dispense from INV,PER,SV
759,1392905,208943,Dispense from INV,NICU,SV
760,1392906,208943,Dispense from INV,NICU,SV
761,1392907,CP1MN-0000037563,Special (Interface),,
762,1392908,CP1MN-0000037564,Special (Interface),,
763,1392909,CP1MN-0000037565,Special (Interface),,
764,1392910,208944,Dispense from INV,PER,SV
765,1392911,208944,Dispense from INV,PER,SV
766,1392912,208945,Dispense from INV,6W,SV
767,1392913,208945,Dispense from INV,6W,SV
768,1392914,208946,Dispense from INV,6TN,SV
769,1392915,208946,Dispense from INV,6TN,SV
770,1392916,CF24015,Dispense from INV,7TN,SV
771,1392917,CF24015,Dispense from INV,7TN,SV
772,1392918,CF24015,Dispense from INV,7S,SV
773,1392919,CF24015,Dispense from INV,7S,SV
774,1392920,CF24015,Dispense from INV,5TN,SV
775,1392921,CF24015,Dispense from INV,5TN,SV
776,1392922,CF24015,Dispense from INV,6TN,SV
777,1392923,CF24015,Dispense from INV,6TN,SV
778,1392924,CPC01-0097809.00,,,
779,1392925,CF24015,Dispense from INV,,
780,1392926,CF24015,Dispense from INV,4P1,SV
781,1392927,CF24015,Dispense from INV,2NE,SV
782,1392928,208947,Dispense from INV,7S,SV
783,1392929,208947,Dispense from INV,7S,SV
784,1392930,CPC01-0097809.00,Fill - DAY Pavillion,,
785,1392931,CP1MN-0000037566,Special (Interface),,
786,1392932,CPC01-0097810.00,Fill - DAY South Tower,,
787,1392933,208948,Dispense from INV,7S,SV
788,1392934,208948,Dispense from INV,7S,SV
789,1392935,208949,Dispense from INV,7TN,SV
790,1392936,208949,Dispense from INV,7TN,SV
791,1392937,CP1MN-0000037567,Dispense from SV1CP_MAIN,_RX,SV
792,1392938,CP1MN-0000037568,Dispense from SV1CP_MAIN,_RX,SV
793,1392939,VLT01-0000078584,Dispense from SVNARCOTIC,6TN,SV
794,1392940,CPC01-0097810.00,,,
795,1392941,CF24016,Dispense from INV,VN,SV
796,1392942,CF24016,Dispense from INV,VN,SV
797,1392943,208951,Dispense from INV,4P1,SV
798,1392944,208951,Dispense from INV,4P1,SV
799,1392945,CP1MN-0000037569,Special (Interface),,
800,1392946,CF24016,Dispense from INV,VS,SV
801,1392947,CF24016,Dispense from INV,VS,SV
802,1392948,CP1MN-0000037570,Dispense from SV1CP_MAIN,_RX,SV
803,1392949,CP1MN-0000037571,Dispense from SV1CP_MAIN,_RX,SV
804,1392950,208953,Dispense from INV,7TN,SV
805,1392951,208953,Dispense from INV,7TN,SV
806,1392952,208957,Dispense from INV,6W,SV
807,1392953,208957,Dispense from INV,6W,SV
808,1392954,VLT01-0000078586,Special (Interface),,
809,1392955,CP1MN-0000037572,Dispense from SV1CP_MAIN,_RX,SV
810,1392956,208954,Dispense from INV,CICU12,SV
811,1392957,208954,Dispense from INV,CICU12,SV
812,1392958,208955,Dispense from INV,BP,SV
813,1392959,208955,Dispense from INV,BP,SV
814,1392960,208956,Dispense from INV,7S,SV
815,1392961,208956,Dispense from INV,7S,SV
816,1392962,CPC01-0097817.00,Special (By Item),,
817,1392963,208961,Dispense from INV,7S,SV
818,1392964,208961,Dispense from INV,7S,SV
819,1392965,208960,Dispense from INV,VN,SV
820,1392966,208960,Dispense from INV,VN,SV
821,1392967,CPC01-0097814.00,Refill VAIL ,VN,SV
822,1392968,CPC01-0097814.00,Refill VAIL ,VN,SV
823,1392969,CPC01-0097814.00,Refill VAIL ,VN,SV
824,1392970,CPC01-0097814.00,Refill VAIL ,VN,SV
825,1392971,208963,Dispense from INV,EMD,SV
826,1392972,208963,Dispense from INV,EMD,SV
827,1392973,208959,Dispense from INV,4W SPINE,SV
828,1392974,208959,Dispense from INV,4W SPINE,SV
829,1392975,208962,Dispense from INV,5E,SV
830,1392976,208962,Dispense from INV,5E,SV
831,1392977,CPC01-0097816.00,Excellent OR Machines,,
832,1392978,CPC01-0097816.00,,,
833,1392979,208964,Dispense from INV,7TN,SV
834,1392980,208964,Dispense from INV,7TN,SV
835,1392981,CPC01-0097814.00,Refill VAIL ,VN,SV
836,1392982,CPC01-0097814.00,Refill VAIL ,VN,SV
837,1392983,CPC01-0097814.00,,VN,SV
838,1392984,CP1MN-0000037574,Dispense from SV1CP_MAIN,_RX,SV
839,1392985,CPC01-0097814.00,,VN,SV
840,1392986,CPC01-0097814.00,,VN,SV
841,1392987,208965,Dispense from INV,5E,SV
842,1392988,208965,Dispense from INV,5E,SV
843,1392989,208967,Dispense from INV,CICU12,SV
844,1392990,208967,Dispense from INV,CICU12,SV
845,1392991,CP1MN-0000037575,Dispense from SV1CP_MAIN,_RX,SV
846,1392992,208966,Dispense from INV,5E,SV
847,1392993,208966,Dispense from INV,5E,SV
848,1392994,CP1MN-0000037576,Dispense from SV1CP_MAIN,_RX,SV
849,1392995,208968,Dispense from INV,4W SPINE,SV
850,1392996,208968,Dispense from INV,4W SPINE,SV
851,1392997,CF24017,Dispense from INV,6TN,SV
852,1392998,CF24017,Dispense from INV,6TN,SV
853,1392999,208969,Dispense from INV,5TN,SV
854,1393000,208969,Dispense from INV,5TN,SV
855,1393001,CF24017,Dispense from INV,CICU12,SV
856,1393002,CF24017,Dispense from INV,CICU12,SV
857,1393003,CF24017,Dispense from INV,OPO,SV
858,1393004,CF24017,Dispense from INV,OPO,SV
859,1393005,CF24018,Dispense from INV,2NE,SV
860,1393006,CF24018,Dispense from INV,2NE,SV
861,1393007,CF24018,Dispense from INV,4W SPINE,SV
862,1393008,CF24018,Dispense from INV,4W SPINE,SV
863,1393009,CF24018,Dispense from INV,7S,SV
864,1393010,CF24018,Dispense from INV,7S,SV
865,1393011,CF24018,Dispense from INV,3P1,SV
866,1393012,CF24018,Dispense from INV,CICU12,SV
867,1393013,CF24018,Dispense from INV,7TN,SV
868,1393014,CF24018,Dispense from INV,,
869,1393015,208970,Dispense from INV,4P1,SV
870,1393016,208970,Dispense from INV,4P1,SV
871,1393017,208971,Dispense from INV,5TN,SV
872,1393018,208971,Dispense from INV,5TN,SV
873,1393019,208973,Dispense from INV,CICU3,SV
874,1393020,208973,Dispense from INV,CICU3,SV
875,1393021,208974,Dispense from INV,7TN,SV
876,1393022,208974,Dispense from INV,7TN,SV
877,1393023,CP1MN-0000037577,Dispense from SV1CP_MAIN,_RX,SV
878,1393024,208975,Dispense from INV,7S,SV
879,1393025,208975,Dispense from INV,7S,SV
880,1393026,VLT01-0000078590,Dispense from SVNARCOTIC,6TN,SV
881,1393027,208972,Dispense from INV,6TN,SV
882,1393028,208972,Dispense from INV,6TN,SV
883,1393029,CPOR-0000013612,Dispense from SVCP_OR,PREPOST,SV
884,1393030,CF24019,Dispense from INV,6W,SV
885,1393031,CF24019,Dispense from INV,6W,SV
886,1393032,CF24019,Dispense from INV,7S,SV
887,1393033,CF24019,Dispense from INV,7S,SV
888,1393034,CF24019,Dispense from INV,,
889,1393035,CPC01-0097820.00,Surgery Refill Afterno CP,PREPOST,SV
890,1393036,CPC01-0097820.00,Surgery Refill Afterno CP,PREPOST,SV
891,1393037,CPC01-0097820.00,Surgery Refill Afterno CP,ANES,SV
892,1393038,CPC01-0097820.00,Surgery Refill Afterno CP,ANES,SV
893,1393039,CPC01-0097820.00,Surgery Refill Afterno CP,OR,SV
894,1393040,CPC01-0097820.00,Surgery Refill Afterno CP,OR,SV
895,1393041,CPC01-0097820.00,Surgery Refill Afterno CP,OR,SV
896,1393042,CPC01-0097820.00,Surgery Refill Afterno CP,OR,SV
897,1393043,CPC01-0097820.00,Surgery Refill Afterno CP,OR,SV
898,1393044,CPC01-0097820.00,Surgery Refill Afterno CP,OR,SV
899,1393045,CPC01-0097820.00,Surgery Refill Afterno CP,,
900,1393046,CPC01-0097820.00,Surgery Refill Afterno CP,OR,SV
901,1393047,CPC01-0097820.00,Surgery Refill Afterno CP,OR,SV
902,1393048,CPC01-0097820.00,Surgery Refill Afterno CP,OR,SV
903,1393049,CPC01-0097820.00,Surgery Refill Afterno CP,OR,SV
904,1393050,CPC01-0097820.00,Surgery Refill Afterno CP,OR,SV
905,1393051,CPC01-0097820.00,Surgery Refill Afterno CP,OR,SV
906,1393052,CPC01-0097820.00,Surgery Refill Afterno CP,OR,SV
907,1393053,CPC01-0097820.00,Surgery Refill Afterno CP,OR,SV
908,1393054,CF24019,Dispense from INV,CICU12,SV
909,1393055,CF24019,Dispense from INV,4W SPINE,SV
910,1393056,CF24019,Dispense from INV,4W SPINE,SV
911,1393057,CPC01-0097819.00,Surgery Refill PM NARCS,,
912,1393058,CF24019,Dispense from INV,CICU3,SV
913,1393059,CF24019,Dispense from INV,CICU12,SV
914,1393060,CF24019,Dispense from INV,JOINT,SV
915,1393061,CF24019,Dispense from INV,JOINT,SV
916,1393062,CP1MN-0000037578,Dispense from SV1CP_MAIN,_RX,SV
917,1393063,CF24022,Dispense from INV,5E,SV
918,1393064,CF24022,Dispense from INV,5E,SV
919,1393065,208976,Dispense from INV,1TN,SV
920,1393066,208976,Dispense from INV,1TN,SV
921,1393067,208977,Dispense from INV,5TN,SV
922,1393068,208977,Dispense from INV,5TN,SV
923,1393069,CF24020,Dispense from INV,4P1,SV
924,1393070,CF24020,Dispense from INV,2NE,SV
925,1393071,CF24020,Dispense from INV,,
926,1393072,CF24020,Dispense from INV,2NE,SV
927,1393073,CF24020,Dispense from INV,4P1,SV
928,1393074,CF24020,Dispense from INV,3P1,SV
929,1393075,CF24020,Dispense from INV,3P1,SV
930,1393076,CF24020,Dispense from INV,OPO,SV
931,1393077,CF24020,Dispense from INV,OPO,SV
932,1393078,208978,Dispense from INV,EMD,SV
933,1393079,208978,Dispense from INV,EMD,SV
934,1393080,208979,Dispense from INV,IFC,SV
935,1393081,208979,Dispense from INV,IFC,SV
936,1393082,VLT01-0000078591,Dispense from SVNARCOTIC,CICU12,SV
937,1393083,208983,Dispense from INV,7S,SV
938,1393084,208983,Dispense from INV,7S,SV
939,1393085,208980,Dispense from INV,7TN,SV
940,1393086,208980,Dispense from INV,7TN,SV
941,1393087,208981,Dispense from INV,7TN,SV
942,1393088,208981,Dispense from INV,7TN,SV
943,1393089,208982,Dispense from INV,7TN,SV
944,1393090,208982,Dispense from INV,7TN,SV
945,1393091,208984,Dispense from INV,7S,SV
946,1393092,208984,Dispense from INV,7S,SV
947,1393093,208986,Dispense from INV,7S,SV
948,1393094,208986,Dispense from INV,7S,SV
949,1393095,CF24021,Dispense from INV,7TN,SV
950,1393096,CF24021,Dispense from INV,7TN,SV
951,1393097,CPC01-0097820.00,Surgery Refill Afterno CP,,
952,1393098,CPC01-0097820.00,,,
953,1393099,208987,Dispense from INV,IFC,SV
954,1393100,208987,Dispense from INV,IFC,SV
955,1393101,CF24021,Dispense from INV,6TN,SV
956,1393102,CF24021,Dispense from INV,6TN,SV
957,1393103,CF24021,Dispense from INV,5TN,SV
958,1393104,CF24021,Dispense from INV,5TN,SV
959,1393105,CF24021,Dispense from INV,,
960,1393106,CPC01-0097819.00,Surgery Refill PM NARCS,,
961,1393107,208989,Dispense from INV,EMD,SV
962,1393108,208989,Dispense from INV,EMD,SV
963,1393109,208985,Dispense from INV,7S,SV
964,1393110,208985,Dispense from INV,7S,SV
965,1393111,208988,Dispense from INV,4W SPINE,SV
966,1393112,208988,Dispense from INV,4W SPINE,SV
967,1393113,208990,Dispense from INV,BP,SV
968,1393114,208990,Dispense from INV,BP,SV
969,1393115,208991,Dispense from INV,7TN,SV
970,1393116,208991,Dispense from INV,7TN,SV
971,1393117,208992,Dispense from INV,CICU12,SV
972,1393118,208992,Dispense from INV,CICU12,SV
973,1393119,208993,Dispense from INV,CICU12,SV
974,1393120,208993,Dispense from INV,CICU12,SV
975,1393121,CF24024,Dispense from INV,NICU,SV
976,1393122,CF24024,Dispense from INV,,
977,1393123,CF24024,Dispense from INV,NICU,SV
978,1393124,CF24021,Dispense from INV,BP,SV
979,1393125,CF24021,Dispense from INV,BP,SV
980,1393126,PHA01-0000001626,Dispense from STCP_KIT,KIT,ST
981,1393127,208994,Dispense from INV,OPO,SV
982,1393128,208994,Dispense from INV,OPO,SV
983,1393129,208995,Dispense from INV,4P1,SV
984,1393130,208995,Dispense from INV,4P1,SV
985,1393131,208996,Dispense from INV,5E,SV
986,1393132,208996,Dispense from INV,5E,SV
987,1393133,208999,Dispense from INV,4P1,SV
988,1393134,208999,Dispense from INV,4P1,SV
989,1393135,208997,Dispense from INV,CICU12,SV
990,1393136,208997,Dispense from INV,CICU12,SV
991,1393137,PHA01-0000001627,Dispense from STCP_KIT,KIT,ST
992,1393138,209001,Dispense from INV,4W SPINE,SV
993,1393139,209001,Dispense from INV,4W SPINE,SV
994,1393140,208998,Dispense from INV,4P1,SV
995,1393141,208998,Dispense from INV,4P1,SV
996,1393142,209000,Dispense from INV,CICU12,SV
997,1393143,209000,Dispense from INV,CICU12,SV
998,1393144,VLT01-0000078594,Dispense from SVNARCOTIC,_RX,SV
999,1393145,209002,Dispense from INV,4W SPINE,SV
1000,1393146,209002,Dispense from INV,4W SPINE,SV
